217 West Congress Street,Savannah
25 Edwards Street,Manchester
2868 Peak Road,Wheelock
2057 Lucas Street,Montgomery
3827 West Chapman Avenue,Orange
12 Red Fox Drive,Savannah
10819 Bluegrass Parkway,Jeffersontown
840 River Crest Court,Louisville
1001 Northwest 104th Street,Oklahoma City
4607 Artelia Drive,Nashville
89 Plaistow Road,Haverhill
72 Bentley Avenue,Poultney
1828 East Parkshore Drive,Fayetteville
244 La Normandy Drive,Louisville
37 Spring Street,Groton
7071 Senators Drive,Montgomery
294 East Lakeshore Drive,Colchester
1189 Northwest End Avenue,Fayetteville
6818 North Lagoon Drive,Panama City
29 Lucian Street,Manchester
3526 Sutton Loop,Fremont
1911 East 58th Avenue,Anchorage
112 West Center Street,Fayetteville
6932 West Montebello Avenue,Glendale
8666 Iris Street,Arvada
881 Main Street,Manchester
1501 New Hampshire Avenue,Lynn Haven
3373 Runnymede Place Northwest,Washington
5803 West Gelding Drive,Glendale
75 Wilfred Road,Manchester
7802 Titan Court,Pasadena
702 East 53rd Street,Savannah
2723 East Joyce Boulevard,Fayetteville
9 Pierce Road,Watertown
224 Charter Oak Street,Manchester
34 Free Street,Hingham
8532 Ingalls Circle,Arvada
1318 4th Street Southwest,Washington
940 Ironwood Drive,Montgomery
4822 Piney Branch Road Northwest,Washington
52 Oleary Drive,Manchester
15 Lakewood Drive,Thunderbolt
629 Debbie Drive,Nashville
104 White Street,Manchester
129 Glen Street,West Brattleboro
8526 Preston Highway,Louisville
6431 Shattuck Avenue,Oakland
111 Lakeview Terrace,Lynn Haven
4188 Summerview Drive,Louisville
408 Pine Street,Bloomingdale
5430 Brookdale Avenue,Oakland
1850 Berryhill Place,Montgomery
6436 Stoney Point Road,Panama City
5529 East Saddleridge Drive,Fayetteville
243 McKee Street,Manchester
2515 60th Avenue,Oakland
756 Neponset Street,Norwood
921 5th Street Southeast,Washington
1413 G Street,Anchorage
6234 West 68th Circle,Arvada
513 10th Street Southeast,Washington
261 East Old Hickory Boulevard,Nashville
10774 West 54th Lane,Arvada
4074 North Sunflower Circle,Fayetteville
1613 Maple Timber Court,Nashville
3100 Don Juan Court,Montgomery
643 Farragut Street Northwest,Washington
4 Eastview Lane,Savannah
10312 Parlett Place,Cupertino
6604 Northwest 130th Street,Oklahoma City
631 North Eastern Boulevard,Montgomery
4010 Governors Drive,Montgomery
7041 Dover Avenue,North Beach
3145 19th Avenue Court,Greeley
705 Upshur Street Northwest,Washington
171 Brickhill Circle,Pooler
23480 Abers Avenue,Port Charlotte
63 Summit Street,Manchester
223 Main Street,Nashville
8556 Nelson Court,Arvada
8101 Northwind Avenue,Anchorage
3035 Osprey Circle,Panama City
7237 Wild Currant Way,Oakland
105 Bear Creek Parkway,Edgewater
4231 Laurel Street,Anchorage
714 Venetian Way,Panama City
560 Penstock Drive,Grass Valley
803 Kay Lane,Lynn Haven
612 Penn Lane,Moore
7564 Moore Court,Arvada
218 Turtle Cove,Panama City Beach
1403 Boulder Court,Hanover
8 Elmwood Drive,Rutland
7000 Hugh Drive,Panama City
2399 East 14th Street,San Leandro
6060 West Royal Palm Road,Glendale
1609 Porter Avenue,Nashville
74 Westerly Street,Manchester
1416 Ridgewood Avenue,Panama City
23 North Hill Street,Nashville
