1,3373 Runnymede Place Northwest,1,lwdbb
2,612 Penn Lane,7,vvfmt
3,25 Edwards Street,10,gjqhd
4,29 Lucian Street,1,dpxco
5,23 North Hill Street,1,pdjyl
6,29 Lucian Street,1,ktalu
7,4010 Governors Drive,6,edlvd
8,1911 East 58th Avenue,1,vbbif
9,10312 Parlett Place,3,idzpw
10,940 Ironwood Drive,6,ysssg
11,2868 Peak Road,10,pmtbf
12,7564 Moore Court,4,vsemv
13,74 Westerly Street,4,ypybo
14,8101 Northwind Avenue,10,epwto
15,4231 Laurel Street,10,kmnxr
16,10774 West 54th Lane,6,spcog
17,6932 West Montebello Avenue,1,quapi
18,1413 G Street,2,qtvlk
19,112 West Center Street,10,reiim
20,3827 West Chapman Avenue,5,wncrz
21,23480 Abers Avenue,10,wdsvu
22,631 North Eastern Boulevard,6,cycse
23,8526 Preston Highway,10,hhdfk
24,10774 West 54th Lane,2,etsjw
25,7802 Titan Court,6,fqfij
26,52 Oleary Drive,2,ahlev
27,10312 Parlett Place,9,isqjs
28,6932 West Montebello Avenue,5,retil
29,1413 G Street,1,dpwet
30,8666 Iris Street,6,vwvqs
31,15 Lakewood Drive,2,ooztl
32,629 Debbie Drive,4,mtyhc
33,34 Free Street,7,hhriq
34,3100 Don Juan Court,3,ymqsc
35,4188 Summerview Drive,10,pfqpk
36,7237 Wild Currant Way,2,ohrns
37,25 Edwards Street,2,gfzte
38,8526 Preston Highway,2,iuclk
39,5529 East Saddleridge Drive,10,fpoul
40,74 Westerly Street,9,kcsym
41,8666 Iris Street,9,vykbc
42,702 East 53rd Street,10,yztgg
43,7564 Moore Court,4,bppwu
44,714 Venetian Way,5,thtts
45,629 Debbie Drive,1,kvhrw
46,643 Farragut Street Northwest,2,zilmb
47,3145 19th Avenue Court,6,pksqo
48,702 East 53rd Street,10,vonuq
49,29 Lucian Street,5,cespd
50,294 East Lakeshore Drive,10,nutfu
51,6436 Stoney Point Road,4,vnntw
52,513 10th Street Southeast,7,ltyyo
53,612 Penn Lane,2,qaeuz
54,2057 Lucas Street,5,jqial
55,6436 Stoney Point Road,3,ffvhi
56,3035 Osprey Circle,10,wdenm
57,840 River Crest Court,4,hthzf
58,7041 Dover Avenue,10,iekdq
59,5803 West Gelding Drive,1,gzdky
60,52 Oleary Drive,10,tveeh
61,72 Bentley Avenue,9,ivpxx
62,74 Westerly Street,1,sltks
63,261 East Old Hickory Boulevard,2,tjodn
64,1318 4th Street Southwest,8,zwgbh
65,112 West Center Street,9,iouxq
66,1318 4th Street Southwest,2,xdbih
67,261 East Old Hickory Boulevard,1,ohxeu
68,171 Brickhill Circle,5,uribg
69,513 10th Street Southeast,5,cseww
70,629 Debbie Drive,1,mlfce
71,1501 New Hampshire Avenue,10,ooaks
72,75 Wilfred Road,6,phmwp
73,1403 Boulder Court,6,pheyq
74,8666 Iris Street,4,yrxxs
75,104 White Street,1,hfrmu
76,921 5th Street Southeast,10,pikqv
77,631 North Eastern Boulevard,2,krdit
78,52 Oleary Drive,1,biwpg
79,6604 Northwest 130th Street,5,qghyn
80,7071 Senators Drive,9,pqmdc
81,5803 West Gelding Drive,10,njswt
82,8 Elmwood Drive,7,zixzk
83,4010 Governors Drive,3,nznsv
84,7041 Dover Avenue,8,rpvhn
85,4010 Governors Drive,2,rbusp
86,34 Free Street,4,tkhnn
87,5430 Brookdale Avenue,8,dobhv
88,2515 60th Avenue,7,rpwvi
89,631 North Eastern Boulevard,2,ktbim
90,218 Turtle Cove,5,srwbr
91,4607 Artelia Drive,10,edflv
92,89 Plaistow Road,9,rqioh
93,940 Ironwood Drive,4,ecsgj
94,23 North Hill Street,4,hgvnp
95,408 Pine Street,6,jjkrg
96,10774 West 54th Lane,4,emzqr
97,921 5th Street Southeast,9,iqzre
98,5803 West Gelding Drive,1,aeikb
99,8556 Nelson Court,3,uqmdb
100,6604 Northwest 130th Street,5,lchpu
